Bartlomiej;Kaftan;1someMail@meil.com
Bartlomiej;Kaftan;2someMail@meil.com
Bartlomiej;Kaftan;3someMail@meil.com
Bartlomiej;Kaftan;4someMail@meil.com
Bartlomiej;Kaftan;5someMail@meil.com
Bartlomiej;Kaftan;6someMail@meil.com
Bartlomiej;Kaftan;7someMail@meil.com
Bartlomiej;Kaftan;8someMail@meil.com
Bartlomiej;Kaftan;9someMail@meil.com
Bartlomiej;Kaftan;10someMail@meil.com
Bartlomiej;Kaftan;11someMail@meil.com
Bartlomiej;Kaftan;12someMail@meil.com
Bartlomiej;Kaftan;13someMail@meil.com
Bartlomiej;Kaftan;14someMail@meil.com
Bartlomiej;Kaftan;15someMail@meil.com
Bartlomiej;Kaftan;16someMail@meil.com
Bartlomiej;Kaftan;17someMail@meil.com
Bartlomiej;Kaftan;18someMail@meil.com
Bartlomiej;Kaftan;19someMail@meil.com
Bartlomiej;Kaftan;20someMail@meil.com
Bartlomiej;Kaftan;21someMail@meil.com
Bartlomiej;Kaftan;22someMail@meil.com
Bartlomiej;Kaftan;23someMail@meil.com
Bartlomiej;Kaftan;24someMail@meil.com
Bartlomiej;Kaftan;25someMail@meil.com
Bartlomiej;Kaftan;26someMail@meil.com
Bartlomiej;Kaftan;27someMail@meil.com
Bartlomiej;Kaftan;28someMail@meil.com
Bartlomiej;Kaftan;29someMail@meil.com
Bartlomiej;Kaftan;30someMail@meil.com
Bartlomiej;Kaftan;31someMail@meil.com
Bartlomiej;Kaftan;32someMail@meil.com
Bartlomiej;Kaftan;33someMail@meil.com
Bartlomiej;Kaftan;34someMail@meil.com
Bartlomiej;Kaftan;35someMail@meil.com
Bartlomiej;Kaftan;36someMail@meil.com
Bartlomiej;Kaftan;37someMail@meil.com
Bartlomiej;Kaftan;38someMail@meil.com
Bartlomiej;Kaftan;39someMail@meil.com
Bartlomiej;Kaftan;40someMail@meil.com
Bartlomiej;Kaftan;41someMail@meil.com
Bartlomiej;Kaftan;42someMail@meil.com
Bartlomiej;Kaftan;43someMail@meil.com
Bartlomiej;Kaftan;44someMail@meil.com
Bartlomiej;Kaftan;45someMail@meil.com
Bartlomiej;Kaftan;46someMail@meil.com
Bartlomiej;Kaftan;47someMail@meil.com
Bartlomiej;Kaftan;48someMail@meil.com
Bartlomiej;Kaftan;49someMail@meil.com
Bartlomiej;Kaftan;50someMail@meil.com
Bartlomiej;Kaftan;51someMail@meil.com
Bartlomiej;Kaftan;52someMail@meil.com
Bartlomiej;Kaftan;53someMail@meil.com
Bartlomiej;Kaftan;54someMail@meil.com
Bartlomiej;Kaftan;55someMail@meil.com
Bartlomiej;Kaftan;56someMail@meil.com
Bartlomiej;Kaftan;57someMail@meil.com
Bartlomiej;Kaftan;58someMail@meil.com
Bartlomiej;Kaftan;59someMail@meil.com
Bartlomiej;Kaftan;60someMail@meil.com
Bartlomiej;Kaftan;61someMail@meil.com
Bartlomiej;Kaftan;62someMail@meil.com
Bartlomiej;Kaftan;63someMail@meil.com
Bartlomiej;Kaftan;64someMail@meil.com
Bartlomiej;Kaftan;65someMail@meil.com
Bartlomiej;Kaftan;66someMail@meil.com
Bartlomiej;Kaftan;67someMail@meil.com
Bartlomiej;Kaftan;68someMail@meil.com
Bartlomiej;Kaftan;69someMail@meil.com
Bartlomiej;Kaftan;70someMail@meil.com
Bartlomiej;Kaftan;71someMail@meil.com
Bartlomiej;Kaftan;72someMail@meil.com
Bartlomiej;Kaftan;73someMail@meil.com
Bartlomiej;Kaftan;74someMail@meil.com
Bartlomiej;Kaftan;75someMail@meil.com
Bartlomiej;Kaftan;76someMail@meil.com
Bartlomiej;Kaftan;77someMail@meil.com
Bartlomiej;Kaftan;78someMail@meil.com
Bartlomiej;Kaftan;79someMail@meil.com
Bartlomiej;Kaftan;80someMail@meil.com
Bartlomiej;Kaftan;81someMail@meil.com
Bartlomiej;Kaftan;82someMail@meil.com
Bartlomiej;Kaftan;83someMail@meil.com
Bartlomiej;Kaftan;84someMail@meil.com
Bartlomiej;Kaftan;85someMail@meil.com
Bartlomiej;Kaftan;86someMail@meil.com
Bartlomiej;Kaftan;87someMail@meil.com
Bartlomiej;Kaftan;88someMail@meil.com
Bartlomiej;Kaftan;89someMail@meil.com
Bartlomiej;Kaftan;90someMail@meil.com
Bartlomiej;Kaftan;91someMail@meil.com
Bartlomiej;Kaftan;92someMail@meil.com
Bartlomiej;Kaftan;93someMail@meil.com
Bartlomiej;Kaftan;94someMail@meil.com
Bartlomiej;Kaftan;95someMail@meil.com
Bartlomiej;Kaftan;96someMail@meil.com
Bartlomiej;Kaftan;97someMail@meil.com
Bartlomiej;Kaftan;98someMail@meil.com
Bartlomiej;Kaftan;99someMail@meil.com
Bartlomiej;Kaftan;100someMail@meil.com
Bartlomiej;Kaftan;101someMail@meil.com
Bartlomiej;Kaftan;102someMail@meil.com
Bartlomiej;Kaftan;103someMail@meil.com
Bartlomiej;Kaftan;104someMail@meil.com
Bartlomiej;Kaftan;105someMail@meil.com
Bartlomiej;Kaftan;106someMail@meil.com
Bartlomiej;Kaftan;107someMail@meil.com
Bartlomiej;Kaftan;108someMail@meil.com
Bartlomiej;Kaftan;109someMail@meil.com
Bartlomiej;Kaftan;110someMail@meil.com
Bartlomiej;Kaftan;111someMail@meil.com
Bartlomiej;Kaftan;112someMail@meil.com
Bartlomiej;Kaftan;113someMail@meil.com
Bartlomiej;Kaftan;114someMail@meil.com
Bartlomiej;Kaftan;115someMail@meil.com
Bartlomiej;Kaftan;116someMail@meil.com
Bartlomiej;Kaftan;117someMail@meil.com
Bartlomiej;Kaftan;118someMail@meil.com
Bartlomiej;Kaftan;119someMail@meil.com
Bartlomiej;Kaftan;120someMail@meil.com
Bartlomiej;Kaftan;121someMail@meil.com
Bartlomiej;Kaftan;122someMail@meil.com
Bartlomiej;Kaftan;123someMail@meil.com
Bartlomiej;Kaftan;124someMail@meil.com
Bartlomiej;Kaftan;125someMail@meil.com
Bartlomiej;Kaftan;126someMail@meil.com
Bartlomiej;Kaftan;127someMail@meil.com
Bartlomiej;Kaftan;128someMail@meil.com
Bartlomiej;Kaftan;129someMail@meil.com
Bartlomiej;Kaftan;130someMail@meil.com
Bartlomiej;Kaftan;131someMail@meil.com
Bartlomiej;Kaftan;132someMail@meil.com
Bartlomiej;Kaftan;133someMail@meil.com
Bartlomiej;Kaftan;134someMail@meil.com
Bartlomiej;Kaftan;135someMail@meil.com
Bartlomiej;Kaftan;136someMail@meil.com
Bartlomiej;Kaftan;137someMail@meil.com
Bartlomiej;Kaftan;138someMail@meil.com
Bartlomiej;Kaftan;139someMail@meil.com
Bartlomiej;Kaftan;140someMail@meil.com
Bartlomiej;Kaftan;141someMail@meil.com
Bartlomiej;Kaftan;142someMail@meil.com
Bartlomiej;Kaftan;143someMail@meil.com
Bartlomiej;Kaftan;144someMail@meil.com
Bartlomiej;Kaftan;145someMail@meil.com
Bartlomiej;Kaftan;146someMail@meil.com
Bartlomiej;Kaftan;147someMail@meil.com
Bartlomiej;Kaftan;148someMail@meil.com
Bartlomiej;Kaftan;149someMail@meil.com
Bartlomiej;Kaftan;150someMail@meil.com
Bartlomiej;Kaftan;151someMail@meil.com
Bartlomiej;Kaftan;152someMail@meil.com
Bartlomiej;Kaftan;153someMail@meil.com
Bartlomiej;Kaftan;154someMail@meil.com
Bartlomiej;Kaftan;155someMail@meil.com
Bartlomiej;Kaftan;156someMail@meil.com
Bartlomiej;Kaftan;157someMail@meil.com
Bartlomiej;Kaftan;158someMail@meil.com
Bartlomiej;Kaftan;159someMail@meil.com
Bartlomiej;Kaftan;160someMail@meil.com
Bartlomiej;Kaftan;161someMail@meil.com
Bartlomiej;Kaftan;162someMail@meil.com
Bartlomiej;Kaftan;163someMail@meil.com
Bartlomiej;Kaftan;164someMail@meil.com
Bartlomiej;Kaftan;165someMail@meil.com
Bartlomiej;Kaftan;166someMail@meil.com
Bartlomiej;Kaftan;167someMail@meil.com
Bartlomiej;Kaftan;168someMail@meil.com
Bartlomiej;Kaftan;169someMail@meil.com
Bartlomiej;Kaftan;170someMail@meil.com
Bartlomiej;Kaftan;171someMail@meil.com
Bartlomiej;Kaftan;172someMail@meil.com
Bartlomiej;Kaftan;173someMail@meil.com
Bartlomiej;Kaftan;174someMail@meil.com
Bartlomiej;Kaftan;175someMail@meil.com
Bartlomiej;Kaftan;176someMail@meil.com
Bartlomiej;Kaftan;177someMail@meil.com
Bartlomiej;Kaftan;178someMail@meil.com
Bartlomiej;Kaftan;179someMail@meil.com
Bartlomiej;Kaftan;180someMail@meil.com
Bartlomiej;Kaftan;181someMail@meil.com
Bartlomiej;Kaftan;182someMail@meil.com
Bartlomiej;Kaftan;183someMail@meil.com
Bartlomiej;Kaftan;184someMail@meil.com
Bartlomiej;Kaftan;185someMail@meil.com
Bartlomiej;Kaftan;186someMail@meil.com
Bartlomiej;Kaftan;187someMail@meil.com
Bartlomiej;Kaftan;188someMail@meil.com
Bartlomiej;Kaftan;189someMail@meil.com
Bartlomiej;Kaftan;190someMail@meil.com
Bartlomiej;Kaftan;191someMail@meil.com
Bartlomiej;Kaftan;192someMail@meil.com
Bartlomiej;Kaftan;193someMail@meil.com
Bartlomiej;Kaftan;194someMail@meil.com
Bartlomiej;Kaftan;195someMail@meil.com
Bartlomiej;Kaftan;196someMail@meil.com
Bartlomiej;Kaftan;197someMail@meil.com
Bartlomiej;Kaftan;198someMail@meil.com
Bartlomiej;Kaftan;199someMail@meil.com
Bartlomiej;Kaftan;200someMail@meil.com
Bartlomiej;Kaftan;201someMail@meil.com
Bartlomiej;Kaftan;202someMail@meil.com
Bartlomiej;Kaftan;203someMail@meil.com
Bartlomiej;Kaftan;204someMail@meil.com
Bartlomiej;Kaftan;205someMail@meil.com
Bartlomiej;Kaftan;206someMail@meil.com
Bartlomiej;Kaftan;207someMail@meil.com
Bartlomiej;Kaftan;208someMail@meil.com
Bartlomiej;Kaftan;209someMail@meil.com
Bartlomiej;Kaftan;210someMail@meil.com
Bartlomiej;Kaftan;211someMail@meil.com
Bartlomiej;Kaftan;212someMail@meil.com
Bartlomiej;Kaftan;213someMail@meil.com
Bartlomiej;Kaftan;214someMail@meil.com
Bartlomiej;Kaftan;215someMail@meil.com
Bartlomiej;Kaftan;216someMail@meil.com
Bartlomiej;Kaftan;217someMail@meil.com
Bartlomiej;Kaftan;218someMail@meil.com
Bartlomiej;Kaftan;219someMail@meil.com
Bartlomiej;Kaftan;220someMail@meil.com
Bartlomiej;Kaftan;221someMail@meil.com
Bartlomiej;Kaftan;222someMail@meil.com
Bartlomiej;Kaftan;223someMail@meil.com
Bartlomiej;Kaftan;224someMail@meil.com
Bartlomiej;Kaftan;225someMail@meil.com
Bartlomiej;Kaftan;226someMail@meil.com
Bartlomiej;Kaftan;227someMail@meil.com
Bartlomiej;Kaftan;228someMail@meil.com
Bartlomiej;Kaftan;229someMail@meil.com
Bartlomiej;Kaftan;230someMail@meil.com
Bartlomiej;Kaftan;231someMail@meil.com
Bartlomiej;Kaftan;232someMail@meil.com
Bartlomiej;Kaftan;233someMail@meil.com
Bartlomiej;Kaftan;234someMail@meil.com
Bartlomiej;Kaftan;235someMail@meil.com
Bartlomiej;Kaftan;236someMail@meil.com
Bartlomiej;Kaftan;237someMail@meil.com
Bartlomiej;Kaftan;238someMail@meil.com
Bartlomiej;Kaftan;239someMail@meil.com
Bartlomiej;Kaftan;240someMail@meil.com
Bartlomiej;Kaftan;241someMail@meil.com
Bartlomiej;Kaftan;242someMail@meil.com
Bartlomiej;Kaftan;243someMail@meil.com
Bartlomiej;Kaftan;244someMail@meil.com
Bartlomiej;Kaftan;245someMail@meil.com
Bartlomiej;Kaftan;246someMail@meil.com
Bartlomiej;Kaftan;247someMail@meil.com
Bartlomiej;Kaftan;248someMail@meil.com
Bartlomiej;Kaftan;249someMail@meil.com
Bartlomiej;Kaftan;250someMail@meil.com
Bartlomiej;Kaftan;251someMail@meil.com
Bartlomiej;Kaftan;252someMail@meil.com
Bartlomiej;Kaftan;253someMail@meil.com
Bartlomiej;Kaftan;254someMail@meil.com
Bartlomiej;Kaftan;255someMail@meil.com
Bartlomiej;Kaftan;256someMail@meil.com
Bartlomiej;Kaftan;257someMail@meil.com
Bartlomiej;Kaftan;258someMail@meil.com
Bartlomiej;Kaftan;259someMail@meil.com
Bartlomiej;Kaftan;260someMail@meil.com
Bartlomiej;Kaftan;261someMail@meil.com
Bartlomiej;Kaftan;262someMail@meil.com
Bartlomiej;Kaftan;263someMail@meil.com
Bartlomiej;Kaftan;264someMail@meil.com
Bartlomiej;Kaftan;265someMail@meil.com
Bartlomiej;Kaftan;266someMail@meil.com
Bartlomiej;Kaftan;267someMail@meil.com
Bartlomiej;Kaftan;268someMail@meil.com
Bartlomiej;Kaftan;269someMail@meil.com
Bartlomiej;Kaftan;270someMail@meil.com
Bartlomiej;Kaftan;271someMail@meil.com
Bartlomiej;Kaftan;272someMail@meil.com
Bartlomiej;Kaftan;273someMail@meil.com
Bartlomiej;Kaftan;274someMail@meil.com
Bartlomiej;Kaftan;275someMail@meil.com
Bartlomiej;Kaftan;276someMail@meil.com
Bartlomiej;Kaftan;277someMail@meil.com
Bartlomiej;Kaftan;278someMail@meil.com
Bartlomiej;Kaftan;279someMail@meil.com
Bartlomiej;Kaftan;280someMail@meil.com
Bartlomiej;Kaftan;281someMail@meil.com
Bartlomiej;Kaftan;282someMail@meil.com
Bartlomiej;Kaftan;283someMail@meil.com
Bartlomiej;Kaftan;284someMail@meil.com
Bartlomiej;Kaftan;285someMail@meil.com
Bartlomiej;Kaftan;286someMail@meil.com
Bartlomiej;Kaftan;287someMail@meil.com
Bartlomiej;Kaftan;288someMail@meil.com
Bartlomiej;Kaftan;289someMail@meil.com
Bartlomiej;Kaftan;290someMail@meil.com
Bartlomiej;Kaftan;291someMail@meil.com
Bartlomiej;Kaftan;292someMail@meil.com
Bartlomiej;Kaftan;293someMail@meil.com
Bartlomiej;Kaftan;294someMail@meil.com
Bartlomiej;Kaftan;295someMail@meil.com
Bartlomiej;Kaftan;296someMail@meil.com
Bartlomiej;Kaftan;297someMail@meil.com
Bartlomiej;Kaftan;298someMail@meil.com
Bartlomiej;Kaftan;299someMail@meil.com
Bartlomiej;Kaftan;300someMail@meil.com
