Michal;Tarabasz;1fakemail@gugel.com
Michal;Tarabasz;2fakemail@gugel.com
Michal;Tarabasz;3fakemail@gugel.com
Michal;Tarabasz;4fakemail@gugel.com
Michal;Tarabasz;5fakemail@gugel.com
Michal;Tarabasz;6fakemail@gugel.com
Michal;Tarabasz;7fakemail@gugel.com
Michal;Tarabasz;8fakemail@gugel.com
Michal;Tarabasz;9fakemail@gugel.com
Michal;Tarabasz;10fakemail@gugel.com
Michal;Tarabasz;11fakemail@gugel.com
Michal;Tarabasz;12fakemail@gugel.com
Michal;Tarabasz;13fakemail@gugel.com
Michal;Tarabasz;14fakemail@gugel.com
Michal;Tarabasz;15fakemail@gugel.com
Michal;Tarabasz;16fakemail@gugel.com
Michal;Tarabasz;17fakemail@gugel.com
Michal;Tarabasz;18fakemail@gugel.com
Michal;Tarabasz;19fakemail@gugel.com
Michal;Tarabasz;20fakemail@gugel.com
Michal;Tarabasz;21fakemail@gugel.com
Michal;Tarabasz;22fakemail@gugel.com
Michal;Tarabasz;23fakemail@gugel.com
Michal;Tarabasz;24fakemail@gugel.com
Michal;Tarabasz;25fakemail@gugel.com
Michal;Tarabasz;26fakemail@gugel.com
Michal;Tarabasz;27fakemail@gugel.com
Michal;Tarabasz;28fakemail@gugel.com
Michal;Tarabasz;29fakemail@gugel.com
Michal;Tarabasz;30fakemail@gugel.com
Michal;Tarabasz;31fakemail@gugel.com
Michal;Tarabasz;32fakemail@gugel.com
Michal;Tarabasz;33fakemail@gugel.com
Michal;Tarabasz;34fakemail@gugel.com
Michal;Tarabasz;35fakemail@gugel.com
Michal;Tarabasz;36fakemail@gugel.com
Michal;Tarabasz;37fakemail@gugel.com
Michal;Tarabasz;38fakemail@gugel.com
Michal;Tarabasz;39fakemail@gugel.com
Michal;Tarabasz;40fakemail@gugel.com
Michal;Tarabasz;41fakemail@gugel.com
Michal;Tarabasz;42fakemail@gugel.com
Michal;Tarabasz;43fakemail@gugel.com
Michal;Tarabasz;44fakemail@gugel.com
Michal;Tarabasz;45fakemail@gugel.com
Michal;Tarabasz;46fakemail@gugel.com
Michal;Tarabasz;47fakemail@gugel.com
Michal;Tarabasz;48fakemail@gugel.com
Michal;Tarabasz;49fakemail@gugel.com
Michal;Tarabasz;50fakemail@gugel.com
Michal;Tarabasz;51fakemail@gugel.com
Michal;Tarabasz;52fakemail@gugel.com
Michal;Tarabasz;53fakemail@gugel.com
Michal;Tarabasz;54fakemail@gugel.com
Michal;Tarabasz;55fakemail@gugel.com
Michal;Tarabasz;56fakemail@gugel.com
Michal;Tarabasz;57fakemail@gugel.com
Michal;Tarabasz;58fakemail@gugel.com
Michal;Tarabasz;59fakemail@gugel.com
Michal;Tarabasz;60fakemail@gugel.com
Michal;Tarabasz;61fakemail@gugel.com
Michal;Tarabasz;62fakemail@gugel.com
Michal;Tarabasz;63fakemail@gugel.com
Michal;Tarabasz;64fakemail@gugel.com
Michal;Tarabasz;65fakemail@gugel.com
Michal;Tarabasz;66fakemail@gugel.com
Michal;Tarabasz;67fakemail@gugel.com
Michal;Tarabasz;68fakemail@gugel.com
Michal;Tarabasz;69fakemail@gugel.com
Michal;Tarabasz;70fakemail@gugel.com
Michal;Tarabasz;71fakemail@gugel.com
Michal;Tarabasz;72fakemail@gugel.com
Michal;Tarabasz;73fakemail@gugel.com
Michal;Tarabasz;74fakemail@gugel.com
Michal;Tarabasz;75fakemail@gugel.com
Michal;Tarabasz;76fakemail@gugel.com
Michal;Tarabasz;77fakemail@gugel.com
Michal;Tarabasz;78fakemail@gugel.com
Michal;Tarabasz;79fakemail@gugel.com
Michal;Tarabasz;80fakemail@gugel.com
Michal;Tarabasz;81fakemail@gugel.com
Michal;Tarabasz;82fakemail@gugel.com
Michal;Tarabasz;83fakemail@gugel.com
Michal;Tarabasz;84fakemail@gugel.com
Michal;Tarabasz;85fakemail@gugel.com
Michal;Tarabasz;86fakemail@gugel.com
Michal;Tarabasz;87fakemail@gugel.com
Michal;Tarabasz;88fakemail@gugel.com
Michal;Tarabasz;89fakemail@gugel.com
Michal;Tarabasz;90fakemail@gugel.com
Michal;Tarabasz;91fakemail@gugel.com
Michal;Tarabasz;92fakemail@gugel.com
Michal;Tarabasz;93fakemail@gugel.com
Michal;Tarabasz;94fakemail@gugel.com
Michal;Tarabasz;95fakemail@gugel.com
Michal;Tarabasz;96fakemail@gugel.com
Michal;Tarabasz;97fakemail@gugel.com
Michal;Tarabasz;98fakemail@gugel.com
Michal;Tarabasz;99fakemail@gugel.com
Michal;Tarabasz;100fakemail@gugel.com
Michal;Tarabasz;101fakemail@gugel.com
Michal;Tarabasz;102fakemail@gugel.com
Michal;Tarabasz;103fakemail@gugel.com
Michal;Tarabasz;104fakemail@gugel.com
Michal;Tarabasz;105fakemail@gugel.com
Michal;Tarabasz;106fakemail@gugel.com
Michal;Tarabasz;107fakemail@gugel.com
Michal;Tarabasz;108fakemail@gugel.com
Michal;Tarabasz;109fakemail@gugel.com
Michal;Tarabasz;110fakemail@gugel.com
Michal;Tarabasz;111fakemail@gugel.com
Michal;Tarabasz;112fakemail@gugel.com
Michal;Tarabasz;113fakemail@gugel.com
Michal;Tarabasz;114fakemail@gugel.com
Michal;Tarabasz;115fakemail@gugel.com
Michal;Tarabasz;116fakemail@gugel.com
Michal;Tarabasz;117fakemail@gugel.com
Michal;Tarabasz;118fakemail@gugel.com
Michal;Tarabasz;119fakemail@gugel.com
Michal;Tarabasz;120fakemail@gugel.com
Michal;Tarabasz;121fakemail@gugel.com
Michal;Tarabasz;122fakemail@gugel.com
Michal;Tarabasz;123fakemail@gugel.com
Michal;Tarabasz;124fakemail@gugel.com
Michal;Tarabasz;125fakemail@gugel.com
Michal;Tarabasz;126fakemail@gugel.com
Michal;Tarabasz;127fakemail@gugel.com
Michal;Tarabasz;128fakemail@gugel.com
Michal;Tarabasz;129fakemail@gugel.com
Michal;Tarabasz;130fakemail@gugel.com
Michal;Tarabasz;131fakemail@gugel.com
Michal;Tarabasz;132fakemail@gugel.com
Michal;Tarabasz;133fakemail@gugel.com
Michal;Tarabasz;134fakemail@gugel.com
Michal;Tarabasz;135fakemail@gugel.com
Michal;Tarabasz;136fakemail@gugel.com
Michal;Tarabasz;137fakemail@gugel.com
Michal;Tarabasz;138fakemail@gugel.com
Michal;Tarabasz;139fakemail@gugel.com
Michal;Tarabasz;140fakemail@gugel.com
Michal;Tarabasz;141fakemail@gugel.com
Michal;Tarabasz;142fakemail@gugel.com
Michal;Tarabasz;143fakemail@gugel.com
Michal;Tarabasz;144fakemail@gugel.com
Michal;Tarabasz;145fakemail@gugel.com
Michal;Tarabasz;146fakemail@gugel.com
Michal;Tarabasz;147fakemail@gugel.com
Michal;Tarabasz;148fakemail@gugel.com
Michal;Tarabasz;149fakemail@gugel.com
Michal;Tarabasz;150fakemail@gugel.com
Michal;Tarabasz;151fakemail@gugel.com
Michal;Tarabasz;152fakemail@gugel.com
Michal;Tarabasz;153fakemail@gugel.com
Michal;Tarabasz;154fakemail@gugel.com
Michal;Tarabasz;155fakemail@gugel.com
Michal;Tarabasz;156fakemail@gugel.com
Michal;Tarabasz;157fakemail@gugel.com
Michal;Tarabasz;158fakemail@gugel.com
Michal;Tarabasz;159fakemail@gugel.com
Michal;Tarabasz;160fakemail@gugel.com
Michal;Tarabasz;161fakemail@gugel.com
Michal;Tarabasz;162fakemail@gugel.com
Michal;Tarabasz;163fakemail@gugel.com
Michal;Tarabasz;164fakemail@gugel.com
Michal;Tarabasz;165fakemail@gugel.com
Michal;Tarabasz;166fakemail@gugel.com
Michal;Tarabasz;167fakemail@gugel.com
Michal;Tarabasz;168fakemail@gugel.com
Michal;Tarabasz;169fakemail@gugel.com
Michal;Tarabasz;170fakemail@gugel.com
Michal;Tarabasz;171fakemail@gugel.com
Michal;Tarabasz;172fakemail@gugel.com
Michal;Tarabasz;173fakemail@gugel.com
Michal;Tarabasz;174fakemail@gugel.com
Michal;Tarabasz;175fakemail@gugel.com
Michal;Tarabasz;176fakemail@gugel.com
Michal;Tarabasz;177fakemail@gugel.com
Michal;Tarabasz;178fakemail@gugel.com
Michal;Tarabasz;179fakemail@gugel.com
Michal;Tarabasz;180fakemail@gugel.com
Michal;Tarabasz;181fakemail@gugel.com
Michal;Tarabasz;182fakemail@gugel.com
Michal;Tarabasz;183fakemail@gugel.com
Michal;Tarabasz;184fakemail@gugel.com
Michal;Tarabasz;185fakemail@gugel.com
Michal;Tarabasz;186fakemail@gugel.com
Michal;Tarabasz;187fakemail@gugel.com
Michal;Tarabasz;188fakemail@gugel.com
Michal;Tarabasz;189fakemail@gugel.com
Michal;Tarabasz;190fakemail@gugel.com
Michal;Tarabasz;191fakemail@gugel.com
Michal;Tarabasz;192fakemail@gugel.com
Michal;Tarabasz;193fakemail@gugel.com
Michal;Tarabasz;194fakemail@gugel.com
Michal;Tarabasz;195fakemail@gugel.com
Michal;Tarabasz;196fakemail@gugel.com
Michal;Tarabasz;197fakemail@gugel.com
Michal;Tarabasz;198fakemail@gugel.com
Michal;Tarabasz;199fakemail@gugel.com
Michal;Tarabasz;200fakemail@gugel.com
Michal;Tarabasz;201fakemail@gugel.com
Michal;Tarabasz;202fakemail@gugel.com
Michal;Tarabasz;203fakemail@gugel.com
Michal;Tarabasz;204fakemail@gugel.com
Michal;Tarabasz;205fakemail@gugel.com
Michal;Tarabasz;206fakemail@gugel.com
Michal;Tarabasz;207fakemail@gugel.com
Michal;Tarabasz;208fakemail@gugel.com
Michal;Tarabasz;209fakemail@gugel.com
Michal;Tarabasz;210fakemail@gugel.com
Michal;Tarabasz;211fakemail@gugel.com
Michal;Tarabasz;212fakemail@gugel.com
Michal;Tarabasz;213fakemail@gugel.com
Michal;Tarabasz;214fakemail@gugel.com
Michal;Tarabasz;215fakemail@gugel.com
Michal;Tarabasz;216fakemail@gugel.com
Michal;Tarabasz;217fakemail@gugel.com
Michal;Tarabasz;218fakemail@gugel.com
Michal;Tarabasz;219fakemail@gugel.com
Michal;Tarabasz;220fakemail@gugel.com
Michal;Tarabasz;221fakemail@gugel.com
Michal;Tarabasz;222fakemail@gugel.com
Michal;Tarabasz;223fakemail@gugel.com
Michal;Tarabasz;224fakemail@gugel.com
Michal;Tarabasz;225fakemail@gugel.com
Michal;Tarabasz;226fakemail@gugel.com
Michal;Tarabasz;227fakemail@gugel.com
Michal;Tarabasz;228fakemail@gugel.com
Michal;Tarabasz;229fakemail@gugel.com
Michal;Tarabasz;230fakemail@gugel.com
Michal;Tarabasz;231fakemail@gugel.com
Michal;Tarabasz;232fakemail@gugel.com
Michal;Tarabasz;233fakemail@gugel.com
Michal;Tarabasz;234fakemail@gugel.com
Michal;Tarabasz;235fakemail@gugel.com
Michal;Tarabasz;236fakemail@gugel.com
Michal;Tarabasz;237fakemail@gugel.com
Michal;Tarabasz;238fakemail@gugel.com
Michal;Tarabasz;239fakemail@gugel.com
Michal;Tarabasz;240fakemail@gugel.com
Michal;Tarabasz;241fakemail@gugel.com
Michal;Tarabasz;242fakemail@gugel.com
Michal;Tarabasz;243fakemail@gugel.com
Michal;Tarabasz;244fakemail@gugel.com
Michal;Tarabasz;245fakemail@gugel.com
Michal;Tarabasz;246fakemail@gugel.com
Michal;Tarabasz;247fakemail@gugel.com
Michal;Tarabasz;248fakemail@gugel.com
Michal;Tarabasz;249fakemail@gugel.com
Michal;Tarabasz;250fakemail@gugel.com
Michal;Tarabasz;251fakemail@gugel.com
Michal;Tarabasz;252fakemail@gugel.com
Michal;Tarabasz;253fakemail@gugel.com
Michal;Tarabasz;254fakemail@gugel.com
Michal;Tarabasz;255fakemail@gugel.com
Michal;Tarabasz;256fakemail@gugel.com
Michal;Tarabasz;257fakemail@gugel.com
Michal;Tarabasz;258fakemail@gugel.com
Michal;Tarabasz;259fakemail@gugel.com
Michal;Tarabasz;260fakemail@gugel.com
Michal;Tarabasz;261fakemail@gugel.com
Michal;Tarabasz;262fakemail@gugel.com
Michal;Tarabasz;263fakemail@gugel.com
Michal;Tarabasz;264fakemail@gugel.com
Michal;Tarabasz;265fakemail@gugel.com
Michal;Tarabasz;266fakemail@gugel.com
Michal;Tarabasz;267fakemail@gugel.com
Michal;Tarabasz;268fakemail@gugel.com
Michal;Tarabasz;269fakemail@gugel.com
Michal;Tarabasz;270fakemail@gugel.com
Michal;Tarabasz;271fakemail@gugel.com
Michal;Tarabasz;272fakemail@gugel.com
Michal;Tarabasz;273fakemail@gugel.com
Michal;Tarabasz;274fakemail@gugel.com
Michal;Tarabasz;275fakemail@gugel.com
Michal;Tarabasz;276fakemail@gugel.com
Michal;Tarabasz;277fakemail@gugel.com
Michal;Tarabasz;278fakemail@gugel.com
Michal;Tarabasz;279fakemail@gugel.com
Michal;Tarabasz;280fakemail@gugel.com
Michal;Tarabasz;281fakemail@gugel.com
Michal;Tarabasz;282fakemail@gugel.com
Michal;Tarabasz;283fakemail@gugel.com
Michal;Tarabasz;284fakemail@gugel.com
Michal;Tarabasz;285fakemail@gugel.com
Michal;Tarabasz;286fakemail@gugel.com
Michal;Tarabasz;287fakemail@gugel.com
Michal;Tarabasz;288fakemail@gugel.com
Michal;Tarabasz;289fakemail@gugel.com
Michal;Tarabasz;290fakemail@gugel.com
Michal;Tarabasz;291fakemail@gugel.com
Michal;Tarabasz;292fakemail@gugel.com
Michal;Tarabasz;293fakemail@gugel.com
Michal;Tarabasz;294fakemail@gugel.com
Michal;Tarabasz;295fakemail@gugel.com
Michal;Tarabasz;296fakemail@gugel.com
Michal;Tarabasz;297fakemail@gugel.com
Michal;Tarabasz;298fakemail@gugel.com
Michal;Tarabasz;299fakemail@gugel.com
Michal;Tarabasz;300fakemail@gugel.com
